"image","xmin","ymin","xmax","ymax","label"
"0000_05696_b.jpg",190.63273106323837,20.98701298701299,274.93015983321754,96.73701298701299,"license_Plate"
"0000_02187_b.jpg",170.62439193884643,110.50974025974027,262.13794301598335,199.0487012987013,"license_Plate"
"0000_00532_b.jpg",141.43189715079916,71.15909090909092,226.0573314801946,139.6948051948052,"license_Plate"
"0000_06886_b.jpg",152.58408617095205,73.12662337662339,244.4256428075052,158.71428571428572,"license_Plate"
"0000_08244_b.jpg",173.90444753300903,68.20779220779221,265.0899930507297,148.8766233766234,"license_Plate"
"0001_05318_b.jpg",173.90444753300903,52.79545454545455,246.39367616400278,116.41233766233768,"license_Plate"
"0002_02183_b.jpg",208.34503127171646,153.4675324675325,290.67442668519806,216.42857142857144,"license_Plate"
"0002_02554_b.jpg",199.16087560806116,143.62987012987014,299.53057678943713,226.59415584415586,"license_Plate"
"0003_07398_b.jpg",203.7529534398888,195.11363636363637,288.37838776928425,263.64935064935065,"license_Plate"
"0003_02063_b.jpg",151.92807505211954,129.5292207792208,241.80159833217513,204.29545454545456,"license_Plate"
"0005_02171_b.jpg",155.5361362056984,113.46103896103897,233.92946490618485,179.04545454545456,"license_Plate"
"0005_00490_b.jpg",150.28804725503824,34.75974025974026,234.25747046560113,108.87012987012989,"license_Plate"
"0004_06801_b.jpg",126.67164697706741,211.50974025974028,218.5132036136206,285.2922077922078,"license_Plate"
"0005_00512_b.jpg",204.7369701181376,152.81168831168833,287.0663655316192,222.00324675324677,"license_Plate"
"0006_05286_b.jpg",188.33669214732453,143.30194805194807,282.14628214037526,228.23376623376626,"license_Plate"
"0006_06035_b.jpg",197.52084781097986,127.56168831168833,290.01841556636555,203.63961038961043,"license_Plate"
"0009_00490_b.jpg",206.70500347463516,102.31168831168831,287.39437109103545,173.14285714285717,"license_Plate"
"0006_06797_b.jpg",210.31306462821405,78.04545454545455,288.7063933287005,152.48376623376623,"license_Plate"
"0007_02188_b.jpg",232.61744266851983,148.22077922077924,330.0350938151494,240.36688311688314,"license_Plate"
"0007_05159_b.jpg",187.35267546907576,155.76298701298703,274.60215427380126,238.07142857142858,"license_Plate"
"0010_02063_b.jpg",144.05594162612925,130.8409090909091,222.777275886032,195.7694805194805,"license_Plate"
"0010_00004_b.jpg",194.24079221681725,135.10389610389612,275.58617095205005,208.5584415584416,"license_Plate"
"0009_05325_b.jpg",175.87248088950662,83.94805194805195,257.5458651841557,153.79545454545456,"license_Plate"
"0011_00515_b.jpg",183.08860319666437,100.34415584415585,262.79395413481586,168.87987012987014,"license_Plate"
"0009_02194_b.jpg",146.67998610145935,133.7922077922078,233.27345378735234,215.77272727272728,"license_Plate"
"0018_07248_b.jpg",233.92946490618485,117.72402597402598,317.24287699791523,191.83441558441558,"license_Plate"
"0012_04539_b.jpg",196.2088255733148,118.37987012987014,275.9141765114663,184.6201298701299,"license_Plate"
"0013_05647_b.jpg",167.34433634468382,107.88636363636364,245.40965948575402,172.487012987013,"license_Plate"
"0017_00195_b.jpg",167.01633078526754,131.49675324675326,252.29777623349548,203.96753246753246,"license_Plate"
"0014_02176_b.jpg",174.88846421125783,129.85714285714286,263.77797081306466,204.62337662337663,"license_Plate"
"0019_02163_b.jpg",205.7209867963864,97.39285714285715,286.73835997220294,169.86363636363637,"license_Plate"
"0019_06895_b.jpg",142.0879082696317,142.31818181818184,220.1532314107019,204.29545454545456,"license_Plate"
"0019_01137_b.jpg",230.64940931202224,132.15259740259742,330.69110493398193,215.7727272727273,"license_Plate"
"0020_00536_b.jpg",156.5201528839472,77.71753246753248,234.91348158443364,144.94155844155847,"license_Plate"
"0020_02063_b.jpg",148.9760250173732,116.74025974025975,232.94544822793608,185.27597402597405,"license_Plate"
"0021_06361_b.jpg",167.67234190410008,209.54220779220782,243.44162612925643,267.9123376623377,"license_Plate"
"0020_07156_b.jpg",170.62439193884643,143.62987012987014,262.4659485753996,209.21428571428572,"license_Plate"
"0022_01753_b.jpg",162.4242529534399,53.779220779220786,238.19353717859624,122.97077922077924,"license_Plate"
"0023_05798_b.jpg",234.25747046560113,93.45779220779221,326.0990271021543,179.04545454545456,"license_Plate"
"0025_00457_b.jpg",168.98436414176513,105.26298701298703,235.89749826268243,162.64935064935065,"license_Plate"
"0028_00196_b.jpg",193.25677553856846,133.46428571428572,279.52223766504517,210.19805194805195,"license_Plate"
"0027_06458_b.jpg",179.15253648366922,157.07467532467533,268.04204308547605,228.56168831168833,"license_Plate"
"0028_08102_b.jpg",176.85649756775538,75.75,239.5055594162613,134.44805194805195,"license_Plate"
"0028_07031_b.jpg",200.80090340514246,87.88311688311688,266.730020847811,146.9090909090909,"license_Plate"
"0031_07285_b.jpg",168.65635858234887,58.0422077922078,256.23384294649065,135.10389610389612,"license_Plate"
"0036_00507_b.jpg",163.08026407227243,109.85389610389612,239.5055594162613,171.83116883116884,"license_Plate"
"0038_08198_b.jpg",134.2157748436414,64.60064935064936,223.4332870048645,144.61363636363637,"license_Plate"
"0039_01689_b.jpg",184.07261987491313,150.1883116883117,258.2018763029882,207.57467532467535,"license_Plate"
"0038_01762_b.jpg",165.7043085476025,64.92857142857143,245.73766504517025,129.85714285714286,"license_Plate"
"0039_04131_b.jpg",177.51250868658792,122.31493506493507,259.84190410006954,194.45779220779224,"license_Plate"
"0039_05169_b.jpg",253.28179291174428,57.38636363636364,326.42703266157054,126.90584415584416,"license_Plate"
"0041_00436_b.jpg",182.10458651841557,60.00974025974026,249.01772063933288,120.3474025974026,"license_Plate"
"0041_00507_b.jpg",238.52154273801253,116.74025974025975,317.5708825573315,185.9318181818182,"license_Plate"
"0041_00486_b.jpg",158.48818624044475,108.87012987012987,252.953787352328,191.17857142857144,"license_Plate"
"0041_00697_b.jpg",123.3915913829048,109.52597402597404,202.4409312022238,183.96428571428572,"license_Plate"
"0041_05679_b.jpg",156.19214732453094,111.82142857142858,252.29777623349548,197.40909090909093,"license_Plate"
"0041_00951_b.jpg",152.58408617095205,115.75649350649351,225.0733148019458,174.1266233766234,"license_Plate"
"0041_04542_b.jpg",163.08026407227243,124.61038961038962,228.02536483669218,177.40584415584416,"license_Plate"
"0042_01746_b.jpg",231.63342599027104,178.06168831168833,308.38672689367615,249.8766233766234,"license_Plate"
"0042_01141_b.jpg",212.60910354412786,92.47402597402598,292.97046560111187,164.28896103896105,"license_Plate"
"0043_01757_b.jpg",176.52849200833913,105.5909090909091,262.1379430159833,175.76623376623377,"license_Plate"
"0042_01875_b.jpg",287.72237665045174,90.17857142857143,378.5799166087561,180.68506493506493,"license_Plate"
"0042_05741_b.jpg",185.05663655316192,107.88636363636364,252.62578179291177,168.55194805194805,"license_Plate"
"0043_01133_b.jpg",192.60076441973592,127.23376623376625,260.16990965948577,185.9318181818182,"license_Plate"
"0043_01879_b.jpg",191.28874218207088,17.051948051948052,282.4742876997915,96.08116883116884,"license_Plate"
"0045_01558_b.jpg",163.08026407227243,89.85064935064936,228.02536483669218,148.22077922077924,"license_Plate"
"0045_01674_b.jpg",209.001042390549,44.5974025974026,293.62647671994443,121.6590909090909,"license_Plate"
"0044_04330_b.jpg",162.75225851285614,84.27597402597404,227.04134815844336,141.0064935064935,"license_Plate"
"0045_01821_b.jpg",204.40896455872135,202.65584415584416,294.6104933981932,286.6038961038961,"license_Plate"
"0046_00961_b.jpg",174.88846421125783,145.92532467532467,241.80159833217513,202.98376623376623,"license_Plate"
"0046_01762_b.jpg",192.27275886031967,106.90259740259741,274.274148714385,177.40584415584416,"license_Plate"
"0047_00717_b.jpg",175.54447533009034,84.6038961038961,241.8015983321751,141.33441558441558,"license_Plate"
"0047_00966_b.jpg",190.63273106323837,99.36038961038962,261.15392633773456,156.74675324675326,"license_Plate"
"0046_06241_b.jpg",171.28040305767894,98.0487012987013,251.3137595552467,169.20779220779224,"license_Plate"
"0046_06635_b.jpg",202.44093120222377,99.03246753246754,291.0024322446143,178.3896103896104,"license_Plate"
"0047_01152_b.jpg",190.63273106323837,193.1461038961039,267.3860319666435,265.2889610389611,"license_Plate"
"0047_03046_b.jpg",178.49652536483669,126.25000000000001,251.64176511466297,183.63636363636365,"license_Plate"
"0047_00970_b.jpg",184.72863099374567,153.1396103896104,256.23384294649065,215.4448051948052,"license_Plate"
"0048_01264_b.jpg",192.60076441973592,114.4448051948052,273.2901320361362,187.24350649350652,"license_Plate"
"0047_01868_b.jpg",223.10528144544824,178.7175324675325,305.10667129951355,257.74675324675326,"license_Plate"
"0049_03047_b.jpg",172.92043085476027,61.32142857142858,250.00173731758167,130.8409090909091,"license_Plate"
"0048_01752_b.jpg",158.1601806810285,179.70129870129873,238.84954829742878,240.6948051948052,"license_Plate"
"0048_02005_b.jpg",173.57644197359278,159.04220779220782,264.43398193189716,245.28571428571433,"license_Plate"
"0048_01689_b.jpg",192.60076441973592,90.17857142857143,271.32209867963866,152.81168831168833,"license_Plate"
"0049_04098_b.jpg",251.96977067407923,110.18181818181819,330.0350938151494,185.27597402597405,"license_Plate"
"0049_04676_b.jpg",203.0969423210563,125.26623376623378,290.34642112578183,201.67207792207796,"license_Plate"
"0050_01152_b.jpg",197.1928422515636,171.83116883116884,261.15392633773456,229.21753246753246,"license_Plate"
"0051_00959_b.jpg",177.84051424600418,119.03571428571429,258.2018763029882,191.17857142857144,"license_Plate"
"0052_05252_b.jpg",168.00034746351633,164.28896103896105,245.08165392633774,218.72402597402598,"license_Plate"
"0051_01757_b.jpg",181.12056984016678,121.33116883116884,270.0100764419736,198.72077922077924,"license_Plate"
"0054_04076_b.jpg",159.14419735927729,44.5974025974026,233.92946490618488,116.74025974025975,"license_Plate"
"0054_03047_b.jpg",186.69666435024322,92.47402597402598,252.953787352328,148.5487012987013,"license_Plate"
"0053_01877_b.jpg",181.44857539958306,40.66233766233766,266.07400972897847,116.74025974025975,"license_Plate"
"0053_04375_b.jpg",199.81688672689367,93.12987012987014,275.25816539263377,161.00974025974028,"license_Plate"
"0054_00940_b.jpg",180.13655316191802,101.65584415584416,244.75364836692148,159.3701298701299,"license_Plate"
"0054_05705_b.jpg",192.9287699791522,99.03246753246754,284.11431549687285,174.78246753246754,"license_Plate"
"0054_06669_b.jpg",163.73627519110494,61.977272727272734,250.98575399583046,139.6948051948052,"license_Plate"
"0054_06642_b.jpg",225.0733148019458,51.811688311688314,312.3227936066713,134.44805194805195,"license_Plate"
"0054_05482_b.jpg",228.35337039610843,102.96753246753248,319.8669214732453,194.12987012987014,"license_Plate"
"0055_01981_b.jpg",157.83217512161224,0,249.34572619874916,63.28896103896104,"license_Plate"
"0056_01595_b.jpg",242.78561501042392,74.76623376623377,331.0191104933982,162.64935064935065,"license_Plate"
"0056_01153_b.jpg",154.8801250868659,64.60064935064936,237.86553161918,121.987012987013,"license_Plate"
"0056_05671_b.jpg",201.456914523975,150.84415584415586,291.65844336344685,232.82467532467535,"license_Plate"
"0057_04356_b.jpg",147.66400277970814,92.14610389610391,226.7133425990271,159.04220779220782,"license_Plate"
"0057_01126_b.jpg",183.41660875608062,66.8961038961039,261.48193189715084,133.7922077922078,"license_Plate"
"0057_05184_b.jpg",176.85649756775538,94.76948051948052,254.5938151494093,162.97727272727275,"license_Plate"
"0058_00594_b.jpg",174.88846421125783,127.56168831168833,268.04204308547605,193.80194805194807,"license_Plate"
"0057_06324_b.jpg",162.75225851285614,59.68181818181819,236.2255038220987,125.59415584415585,"license_Plate"
"0058_01153_b.jpg",155.20813064628214,96.73701298701299,236.8815149409312,168.87987012987014,"license_Plate"
"0058_01145_b.jpg",204.7369701181376,112.80519480519482,273.61813759555247,168.87987012987014,"license_Plate"
"0058_02021_b.jpg",174.56045865184157,126.57792207792208,256.88985406532316,197.40909090909093,"license_Plate"
"0058_05613_b.jpg",222.4492703266157,82.63636363636364,289.03439888811675,143.30194805194805,"license_Plate"
"0059_04445_b.jpg",145.69596942321056,169.5357142857143,223.1052814454482,227.9058441558442,"license_Plate"
"0059_06835_b.jpg",163.40826963168868,137.07142857142858,253.60979847116056,210.85389610389612,"license_Plate"
"0059_04971_b.jpg",174.2324530924253,167.56818181818184,258.5298818624044,239.71103896103898,"license_Plate"
"0100_00252_b.jpg",211.95309242529535,163.63311688311688,289.03439888811675,230.85714285714286,"license_Plate"
"0100_01595_b.jpg",184.72863099374567,71.15909090909092,264.43398193189716,139.03896103896108,"license_Plate"
"0100_08183_b.jpg",145.3679638637943,142.97402597402598,234.58547602501739,215.77272727272728,"license_Plate"
"0100_01126_b.jpg",214.9051424600417,60.66558441558442,288.7063933287005,130.8409090909091,"license_Plate"
"0100_00168_b.jpg",202.76893676164005,123.2987012987013,269.35406532314107,178.06168831168833,"license_Plate"
"0101_01391_b.jpg",132.24774148714386,49.84415584415585,232.94544822793608,133.13636363636365,"license_Plate"
"0101_00088_b.jpg",153.2400972897846,54.435064935064936,238.19353717859627,128.21753246753246,"license_Plate"
"0101_01261_b.jpg",177.84051424600418,83.2922077922078,259.185892981237,155.76298701298703,"license_Plate"
"0101_05739_b.jpg",172.92043085476027,89.1948051948052,243.11362056984018,150.1883116883117,"license_Plate"
"0101_01715_b.jpg",246.06567060458653,100.67207792207793,322.16296038915914,180.68506493506496,"license_Plate"
"0102_06556_b.jpg",212.2810979847116,84.93181818181819,291.33043780403057,153.46753246753246,"license_Plate"
"0102_00398_b.jpg",201.12890896455872,117.72402597402598,294.28248783877694,205.93506493506493,"license_Plate"
"0101_07107_b.jpg",190.3047255038221,75.75,269.68207088255735,149.20454545454547,"license_Plate"
"0102_04296_b.jpg",145.69596942321056,52.46753246753247,234.2574704656011,127.8896103896104,"license_Plate"
"0102_04565_b.jpg",129.95170257123002,20.003246753246756,207.3610145934677,85.58766233766235,"license_Plate"
"0102_07105_b.jpg",177.51250868658792,37.383116883116884,262.13794301598335,120.01948051948052,"license_Plate"
"0102_07390_b.jpg",150.28804725503824,26.889610389610393,235.2414871438499,108.5422077922078,"license_Plate"
"0103_01697_b.jpg",185.38464211257818,68.86363636363637,255.5778318276581,125.92207792207793,"license_Plate"
"0103_05539_b.jpg",207.3610145934677,135.4318181818182,293.29847116052815,217.74025974025975,"license_Plate"
"0103_01261_b.jpg",174.88846421125783,92.14610389610391,244.75364836692148,153.79545454545456,"license_Plate"
"0103_06841_b.jpg",156.84815844336345,196.75324675324677,240.81758165392634,266.92857142857144,"license_Plate"
"0105_01594_b.jpg",142.41591382904795,135.75974025974028,239.83356497567758,216.10064935064938,"license_Plate"
"0104_00171_b.jpg",173.24843641417652,125.59415584415585,259.185892981237,198.06493506493507,"license_Plate"
"0106_00586_b.jpg",209.001042390549,143.62987012987014,298.54656011118834,226.26623376623377,"license_Plate"
"0104_08083_b.jpg",259.51389854065326,148.5487012987013,353.6514940931203,242.33441558441558,"license_Plate"
"0108_05849_b.jpg",183.74461431549688,97.72077922077924,265.41799861014596,173.47077922077924,"license_Plate"
"0108_00973_b.jpg",201.78492008339126,111.82142857142858,287.72237665045174,185.60389610389612,"license_Plate"
"0108_00929_b.jpg",221.13724808895066,55.09090909090909,300.84259902710215,128.21753246753246,"license_Plate"
"0107_00252_b.jpg",165.04829742876998,171.83116883116884,254.92182070882558,248.89285714285717,"license_Plate"
"0106_08292_b.jpg",254.59381514940932,77.71753246753248,339.2192494788047,163.96103896103898,"license_Plate"
"0109_01594_b.jpg",188.6646977067408,192.16233766233768,301.4986101459347,271.8474025974026,"license_Plate"
"0110_00252_b.jpg",158.1601806810285,118.05194805194806,226.38533703961085,172.81493506493507,"license_Plate"
"0109_02232_b.jpg",154.55211952744963,55.09090909090909,235.2414871438499,124.28246753246754,"license_Plate"
"0109_04995_b.jpg",179.15253648366922,99.36038961038962,264.76198749131345,176.42207792207793,"license_Plate"
"0110_00060_b.jpg",173.24843641417652,104.2792207792208,237.20952050034748,162.97727272727275,"license_Plate"
"0110_04515_b.jpg",157.17616400277973,114.11688311688313,254.26580958999307,195.11363636363637,"license_Plate"
"0110_01967_b.jpg",180.13655316191802,130.51298701298703,246.72168172341907,193.1461038961039,"license_Plate"
"0110_01653_b.jpg",148.32001389854065,89.1948051948052,227.6973592772759,158.38636363636363,"license_Plate"
"0110_01670_b.jpg",209.6570535093815,93.78571428571429,298.87456567060457,169.86363636363637,"license_Plate"
"0111_01678_b.jpg",167.01633078526754,108.21428571428572,231.633425990271,169.20779220779224,"license_Plate"
"0112_00522_b.jpg",153.2400972897846,103.62337662337663,244.09763724808897,179.37337662337663,"license_Plate"
"0111_05692_b.jpg",264.76198749131345,122.31493506493507,353.323488533704,204.9512987012987,"license_Plate"
"0112_05816_b.jpg",169.31236970118138,135.4318181818182,240.81758165392634,195.76948051948054,"license_Plate"
"0112_01081_b.jpg",216.21716469770675,126.57792207792208,305.10667129951355,211.1818181818182,"license_Plate"
"0112_01913_b.jpg",174.56045865184157,132.15259740259742,238.84954829742878,190.5227272727273,"license_Plate"
"0112_06759_b.jpg",140.11987491313414,107.55844155844157,225.0733148019458,183.3084415584416,"license_Plate"
"0113_04405_b.jpg",225.72932592077834,77.71753246753248,305.43467685892983,147.89285714285717,"license_Plate"
"0113_08001_b.jpg",181.44857539958306,83.62012987012987,271.65010423905494,163.96103896103898,"license_Plate"
"0113_00687_b.jpg",139.13585823488535,80.3409090909091,228.02536483669218,152.48376623376623,"license_Plate"
"0114_00145_b.jpg",186.04065323141072,105.91883116883118,263.77797081306466,168.55194805194807,"license_Plate"
"0114_00442_b.jpg",158.1601806810285,111.4935064935065,242.45760945100764,186.58766233766235,"license_Plate"
"0114_05537_b.jpg",164.39228630993748,72.7987012987013,246.39367616400278,139.6948051948052,"license_Plate"
"0114_05671_b.jpg",219.49722029186935,94.11363636363637,286.73835997220294,151.17207792207793,"license_Plate"
"0115_01636_b.jpg",129.95170257123002,105.91883116883118,221.4652536483669,189.86688311688312,"license_Plate"
"0115_01853_b.jpg",215.8891591382905,99.6883116883117,278.86622654621266,155.43506493506496,"license_Plate"
"0115_01937_b.jpg",277.55420430854764,136.74350649350652,365.4596942321057,217.0844155844156,"license_Plate"
"0115_06646_b.jpg",167.01633078526754,41.31818181818182,248.6897150799166,109.52597402597402,"license_Plate"
"0115_02514_b.jpg",161.4402362751911,181.99675324675326,240.48957609451008,250.86038961038963,"license_Plate"
"0115_01928_b.jpg",166.36031966643503,73.45454545454547,258.2018763029882,146.25324675324677,"license_Plate"
"0115_08259_b.jpg",171.60840861709522,121.65909090909092,252.62578179291177,197.737012987013,"license_Plate"
"0116_00986_b.jpg",178.82453092425297,149.20454545454547,255.90583738707437,211.1818181818182,"license_Plate"
"0116_02019_b.jpg",98.7911744266852,95.75324675324676,177.84051424600418,161.99350649350652,"license_Plate"
"0116_00148_b.jpg",218.5132036136206,129.20129870129873,306.09068797776234,206.91883116883122,"license_Plate"
"0116_00818_b.jpg",140.4478804725504,78.37337662337663,212.6091035441279,152.48376623376623,"license_Plate"
"0116_04019_b.jpg",234.91348158443364,222.65909090909093,310.02675469075746,286.93181818181824,"license_Plate"
"0116_04147_b.jpg",175.54447533009034,139.6948051948052,253.28179291174428,210.19805194805195,"license_Plate"
"0117_01160_b.jpg",195.88082001389856,154.7792207792208,270.01007644197364,221.3474025974026,"license_Plate"
"0117_00091_b.jpg",216.21716469770675,106.24675324675326,298.54656011118834,177.73376623376623,"license_Plate"
"0117_00060_b.jpg",190.96073662265462,67.55194805194806,267.05802640722726,138.38311688311688,"license_Plate"
"0117_00148_b.jpg",179.80854760250173,85.25974025974027,255.24982626824183,154.12337662337666,"license_Plate"
"0118_00750_b.jpg",170.95239749826268,67.22402597402598,258.8578874218207,147.237012987013,"license_Plate"
"0117_05755_b.jpg",228.35337039610843,45.58116883116883,301.17060458651844,118.70779220779221,"license_Plate"
"0118_00092_b.jpg",168.65635858234887,87.55519480519482,242.1296038915914,147.89285714285717,"license_Plate"
"0118_00095_b.jpg",178.49652536483669,113.78896103896105,264.43398193189716,187.89935064935065,"license_Plate"
"0118_00754_b.jpg",211.29708130646284,125.92207792207793,312.3227936066713,208.2305194805195,"license_Plate"
"0118_00942_b.jpg",165.7043085476025,112.80519480519482,250.00173731758164,186.25974025974028,"license_Plate"
"0118_00818_b.jpg",155.20813064628214,104.60714285714286,221.13724808895068,160.02597402597405,"license_Plate"
"0118_01640_b.jpg",175.87248088950662,102.6396103896104,245.08165392633776,158.38636363636365,"license_Plate"
"0118_01967_b.jpg",145.69596942321056,51.811688311688314,216.87317581653926,116.41233766233768,"license_Plate"
"0118_01998_b.jpg",188.99270326615706,110.83766233766235,284.77032661570536,192.49025974025977,"license_Plate"
"0118_07169_b.jpg",126.67164697706741,47.22077922077922,198.8328700486449,113.13311688311688,"license_Plate"
"0118_08084_b.jpg",192.9287699791522,87.22727272727273,277.22619874913136,158.0584415584416,"license_Plate"
"0119_00145_b.jpg",168.98436414176513,140.02272727272728,254.92182070882558,215.4448051948052,"license_Plate"
"0119_01947_b.jpg",157.83217512161224,127.56168831168833,248.36170952050037,206.9188311688312,"license_Plate"
"0118_04709_b.jpg",155.20813064628214,88.86688311688313,237.53752605976374,162.3214285714286,"license_Plate"
"0119_02244_b.jpg",165.04829742876998,127.56168831168833,250.98575399583046,201.34415584415586,"license_Plate"
"0119_02246_b.jpg",172.26441973592773,118.05194805194806,264.1059763724809,201.01623376623377,"license_Plate"
"0119_06336_b.jpg",140.77588603196665,180.0292207792208,229.00938151494094,252.5,"license_Plate"
"0119_02023_b.jpg",193.58478109798472,75.75,264.43398193189716,138.38311688311688,"license_Plate"
"0119_02501_b.jpg",214.57713690062545,108.87012987012987,303.79464906184853,186.58766233766235,"license_Plate"
"0120_00061_b.jpg",214.57713690062545,167.24025974025975,298.8745656706046,240.6948051948052,"license_Plate"
"0120_00060_b.jpg",185.71264767199446,79.68506493506494,261.48193189715084,151.17207792207793,"license_Plate"
"0120_00262_b.jpg",217.20118137595554,125.59415584415585,302.4826268241835,200.6883116883117,"license_Plate"
"0120_00591_b.jpg",140.11987491313414,144.94155844155844,209.65705350938154,205.60714285714286,"license_Plate"
"0120_01073_b.jpg",220.48123697011815,158.38636363636365,293.95448227936066,215.11688311688314,"license_Plate"
"0120_04228_b.jpg",182.10458651841557,155.43506493506496,247.37769284225158,217.0844155844156,"license_Plate"
"0120_04673_b.jpg",199.48888116747742,73.12662337662339,266.40201528839475,131.49675324675326,"license_Plate"
"0120_02089_b.jpg",169.9683808200139,107.23051948051949,260.16990965948577,184.94805194805195,"license_Plate"
"0120_07193_b.jpg",172.92043085476027,53.12337662337663,256.23384294649065,128.21753246753246,"license_Plate"
"0120_06890_b.jpg",157.50416956219598,142.97402597402598,229.99339819318973,206.5909090909091,"license_Plate"
"0120_08370_b.jpg",190.96073662265462,163.96103896103898,271.97810979847117,234.13636363636365,"license_Plate"
"0121_00375_b.jpg",122.40757470465601,1.3116883116883118,209.9850590687978,74.4383116883117,"license_Plate"
"0121_00503_b.jpg",180.46455872133427,141.66233766233768,268.37004864489234,219.37987012987014,"license_Plate"
"0121_00820_b.jpg",134.5437804030577,167.8961038961039,222.44927032661573,242.3344155844156,"license_Plate"
"0121_00920_b.jpg",228.6813759555247,108.5422077922078,312.97880472550384,181.34090909090912,"license_Plate"
"0121_06062_b.jpg",149.30403057678944,93.45779220779221,227.04134815844338,165.92857142857144,"license_Plate"
"0121_04617_b.jpg",138.15184155663655,132.4805194805195,224.4173036831133,204.29545454545456,"license_Plate"
"0121_02555_b.jpg",183.08860319666437,117.72402597402598,273.29013203613624,196.0974025974026,"license_Plate"
"0121_04848_b.jpg",169.9683808200139,99.6883116883117,247.7056984016678,169.20779220779224,"license_Plate"
"0121_06228_b.jpg",161.4402362751911,111.16558441558442,243.4416261292564,181.01298701298703,"license_Plate"
"0122_00091_b.jpg",188.6646977067408,95.0974025974026,263.77797081306466,165.27272727272728,"license_Plate"
"0121_07251_b.jpg",163.08026407227243,179.70129870129873,246.39367616400278,251.18831168831173,"license_Plate"
"0121_06796_b.jpg",144.05594162612925,110.50974025974027,227.04134815844338,179.37337662337666,"license_Plate"
"0122_00752_b.jpg",162.4242529534399,130.8409090909091,243.11362056984018,197.40909090909093,"license_Plate"
"0122_00983_b.jpg",176.52849200833913,179.37337662337663,253.60979847116053,247.90909090909093,"license_Plate"
"0122_01404_b.jpg",152.91209173036833,105.26298701298703,241.80159833217516,184.94805194805195,"license_Plate"
"0122_05233_b.jpg",167.34433634468382,90.17857142857143,242.1296038915914,160.3538961038961,"license_Plate"
"0122_02548_b.jpg",175.54447533009034,178.3896103896104,265.4179986101459,252.8279220779221,"license_Plate"
"0122_05419_b.jpg",179.48054204308548,116.74025974025975,245.409659485754,170.19155844155844,"license_Plate"
"0122_07108_b.jpg",169.31236970118138,138.38311688311688,260.8259207783183,222.00324675324674,"license_Plate"
"0123_01939_b.jpg",225.40132036136205,124.9383116883117,294.61049339819317,187.24350649350652,"license_Plate"
"0123_00754_b.jpg",180.79256428075053,78.70129870129871,260.16990965948577,153.46753246753246,"license_Plate"
"0123_00918_b.jpg",168.98436414176513,123.62662337662339,250.65774843641418,199.0487012987013,"license_Plate"
"0123_01841_b.jpg",171.93641417651148,74.76623376623377,245.73766504517027,144.28571428571428,"license_Plate"
"0123_02088_b.jpg",208.0170257123002,153.4675324675325,279.1942321056289,217.41233766233768,"license_Plate"
"0123_06125_b.jpg",158.81619179986103,106.90259740259741,237.53752605976376,173.47077922077924,"license_Plate"
"0123_05055_b.jpg",153.56810284920084,148.22077922077924,232.28943710910357,218.3961038961039,"license_Plate"
"0123_04299_b.jpg",148.9760250173732,67.55194805194806,242.1296038915914,152.81168831168833,"license_Plate"
"0124_00307_b.jpg",132.5757470465601,118.37987012987014,211.95309242529535,187.24350649350652,"license_Plate"
"0123_05664_b.jpg",186.69666435024322,92.80194805194806,252.953787352328,148.8766233766234,"license_Plate"
"0124_00323_b.jpg",203.0969423210563,170.8474025974026,269.35406532314107,231.18506493506496,"license_Plate"
"0124_00779_b.jpg",203.0969423210563,145.5974025974026,298.21855455177206,230.5292207792208,"license_Plate"
"0124_00942_b.jpg",218.6772063933287,105.91883116883118,284.278318276581,170.8474025974026,"license_Plate"
"0124_01377_b.jpg",196.04482279360667,98.0487012987013,278.37421820708823,165.92857142857144,"license_Plate"
"0124_00806_b.jpg",130.77171646977067,135.10389610389612,221.62925642807505,214.46103896103898,"license_Plate"
"0124_01853_b.jpg",172.42842251563587,82.96428571428572,247.54169562195972,149.20454545454547,"license_Plate"
"0124_04420_b.jpg",171.11640027797083,82.63636363636364,245.57366226546213,147.89285714285717,"license_Plate"
"0124_02016_b.jpg",217.0371785962474,47.22077922077922,292.8064628214038,117.72402597402598,"license_Plate"
"0124_04443_b.jpg",222.61327310632385,89.1948051948052,298.054551772064,164.28896103896105,"license_Plate"
"0124_04666_b.jpg",188.82870048644892,105.91883116883118,271.814107018763,188.55519480519482,"license_Plate"
"0124_06343_b.jpg",157.34016678248784,60.9935064935065,235.07748436414175,131.16883116883116,"license_Plate"
"0125_00127_b.jpg",163.24426685198054,136.74350649350652,235.07748436414175,198.72077922077926,"license_Plate"
"0124_06079_b.jpg",178.98853370396108,131.1688311688312,258.3658790826963,204.29545454545456,"license_Plate"
"0125_00786_b.jpg",174.06845031271718,85.91558441558442,250.1657400972898,158.71428571428572,"license_Plate"
"0125_00375_b.jpg",165.21230020847813,37.383116883116884,246.55767894371093,115.75649350649351,"license_Plate"
"0125_01920_b.jpg",145.8599722029187,122.64285714285715,213.75712300208477,179.70129870129873,"license_Plate"
"0125_00984_b.jpg",188.50069492703267,38.6948051948052,277.0621959694232,107.55844155844157,"license_Plate"
"0125_02237_b.jpg",188.82870048644892,121.65909090909092,277.0621959694232,201.67207792207796,"license_Plate"
"0125_04420_b.jpg",204.2449617790132,130.8409090909091,277.7182070882557,197.08116883116884,"license_Plate"
"0125_02242_b.jpg",207.5250173731758,160.6818181818182,283.29430159833214,234.13636363636365,"license_Plate"
"0125_06196_b.jpg",214.4131341209173,148.22077922077924,302.3186240444753,234.79220779220782,"license_Plate"
"0125_05869_b.jpg",187.18867268936762,101.98376623376625,248.85371785962474,159.69805194805195,"license_Plate"
"0126_00061_b.jpg",190.46872828353023,123.2987012987013,266.8940236275191,190.52272727272728,"license_Plate"
"0126_00136_b.jpg",204.2449617790132,145.26948051948054,290.8384294649062,220.69155844155847,"license_Plate"
"0126_00940_b.jpg",186.86066712995137,95.42532467532469,261.9739402362752,165.92857142857144,"license_Plate"
"0126_05624_b.jpg",182.26858929812371,116.74025974025975,258.3658790826963,185.27597402597405,"license_Plate"
"0126_06118_b.jpg",195.71681723419042,143.62987012987014,292.4784572619875,227.9058441558442,"license_Plate"
"0126_04109_b.jpg",227.2053509381515,143.62987012987014,304.6146629603892,212.82142857142858,"license_Plate"
"0126_05966_b.jpg",187.84468380820016,152.15584415584416,256.725851285615,209.8701298701299,"license_Plate"
"0126_04483_b.jpg",164.88429464906184,45.909090909090914,249.181723419041,119.69155844155844,"license_Plate"
"0127_01915_b.jpg",174.39645587213343,136.08766233766235,242.94961779013204,194.12987012987014,"license_Plate"
"0126_06297_b.jpg",192.4367616400278,49.51623376623377,276.4061848505907,123.2987012987013,"license_Plate"
"0127_01968_b.jpg",138.9718554551772,153.4675324675325,212.44510076441975,210.85389610389615,"license_Plate"
"0127_01738_b.jpg",169.14836692147324,120.01948051948052,254.75781792911744,193.80194805194805,"license_Plate"
"0127_00055_b.jpg",155.70013898540654,144.94155844155844,237.37352328005562,219.05194805194805,"license_Plate"
"0128_00503_b.jpg",181.28457261987492,118.05194805194806,256.0698401667825,188.22727272727275,"license_Plate"
"0127_08112_b.jpg",184.56462821403753,85.91558441558442,253.11779013203613,147.56493506493507,"license_Plate"
"0127_04803_b.jpg",177.02050034746352,143.9577922077922,260.6619179986102,218.72402597402598,"license_Plate"
"0128_01676_b.jpg",165.86831132731064,157.40259740259742,249.50972897845728,228.88961038961043,"license_Plate"
"0128_00733_b.jpg",188.82870048644892,180.0292207792208,275.4221681723419,255.7792207792208,"license_Plate"
"0128_04019_b.jpg",155.04412786657403,36.07142857142858,232.78144544822794,111.16558441558442,"license_Plate"
"0128_02555_b.jpg",224.90931202223769,88.53896103896105,304.2866574009729,162.64935064935065,"license_Plate"
"0128_02532_b.jpg",162.9162612925643,71.48701298701299,246.55767894371093,139.6948051948052,"license_Plate"
"0128_06831_b.jpg",203.91695621959695,151.8279220779221,283.9503127171647,220.0357142857143,"license_Plate"
"0128_05556_b.jpg",196.7008339124392,121.00324675324676,259.02189020152883,175.4383116883117,"license_Plate"
"0128_07208_b.jpg",184.23662265462127,46.23701298701299,257.0538568450313,114.11688311688313,"license_Plate"
"0128_08102_b.jpg",175.70847810979848,73.78246753246754,255.08582348853372,141.66233766233768,"license_Plate"
"0129_00608_b.jpg",151.7640722724114,205.2792207792208,232.78144544822794,276.76623376623377,"license_Plate"
"0129_00751_b.jpg",177.67651146629603,124.28246753246754,244.26164002779709,184.94805194805195,"license_Plate"
"0129_00633_b.jpg",82.88290479499653,113.1331168831169,161.27623349548298,180.68506493506496,"license_Plate"
"0129_00819_b.jpg",221.95726198749134,124.61038961038962,297.3985406532314,198.39285714285717,"license_Plate"
"0129_00806_b.jpg",112.40340514246004,81.65259740259741,198.01285615010426,150.51623376623377,"license_Plate"
"0129_01074_b.jpg",150.1240444753301,22.626623376623378,239.66956219596943,98.37662337662337,"license_Plate"
"0129_02529_b.jpg",163.90027797081308,115.42857142857144,253.44579569145242,185.9318181818182,"license_Plate"
"0129_06028_b.jpg",190.7967338429465,104.93506493506494,270.502084781098,167.56818181818184,"license_Plate"
"0129_06048_b.jpg",242.62161223071578,127.8896103896104,328.23106323836,206.91883116883116,"license_Plate"
"0129_06692_b.jpg",179.31653926337736,97.39285714285715,254.75781792911746,173.14285714285717,"license_Plate"
"0129_07029_b.jpg",204.57296733842946,103.29545454545455,277.0621959694232,163.63311688311688,"license_Plate"
"0129_06900_b.jpg",145.53196664350244,102.31168831168831,228.51737317581654,171.50324675324674,"license_Plate"
"0130_00538_b.jpg",121.91556636553162,151.8279220779221,192.76476719944407,212.49350649350652,"license_Plate"
"0131_00223_b.jpg",211.1330785267547,78.04545454545455,293.4624739402363,154.12337662337663,"license_Plate"
"0130_00833_b.jpg",174.72446143154968,156.0909090909091,240.98158443363445,219.37987012987014,"license_Plate"
"0130_00760_b.jpg",205.55698401667826,114.77272727272728,275.7501737317582,174.45454545454547,"license_Plate"
"0130_01078_b.jpg",199.3248783877693,130.18506493506496,284.278318276581,210.52597402597405,"license_Plate"
"0130_05460_b.jpg",197.02883947185546,157.07467532467533,280.0142460041696,234.79220779220782,"license_Plate"
"0131_00329_b.jpg",159.96421125781794,89.52272727272728,233.43745656706045,154.12337662337666,"license_Plate"
"0131_00436_b.jpg",279.6862404447533,118.05194805194806,352.50347463516334,191.83441558441558,"license_Plate"
"0131_00660_b.jpg",104.53127171646977,160.35389610389612,184.56462821403753,231.18506493506496,"license_Plate"
"0131_00635_b.jpg",169.14836692147324,152.48376623376623,260.0059068797776,227.25,"license_Plate"
"0131_00733_b.jpg",146.51598332175124,188.22727272727275,225.23731758165394,258.07467532467535,"license_Plate"
"0131_00942_b.jpg",265.2539958304378,113.78896103896105,337.4152189020153,186.58766233766235,"license_Plate"
"0131_00774_b.jpg",169.14836692147324,116.0844155844156,243.2776233495483,175.76623376623377,"license_Plate"
"0131_00954_b.jpg",140.6118832522585,92.80194805194806,221.9572619874913,165.92857142857144,"license_Plate"
"0131_02540_b.jpg",192.10875608061156,162.97727272727275,280.0142460041696,244.62987012987014,"license_Plate"
"0131_02584_b.jpg",267.8780403057679,194.7857142857143,349.55142460041696,270.8636363636364,"license_Plate"
"0131_04891_b.jpg",195.38881167477416,50.50000000000001,282.9662960389159,131.82467532467533,"license_Plate"
"0131_05287_b.jpg",179.64454482279362,83.2922077922078,248.5257123002085,145.26948051948054,"license_Plate"
"0131_07186_b.jpg",151.7640722724114,81.32467532467533,236.71751216122306,161.66558441558442,"license_Plate"
"0132_00984_b.jpg",174.06845031271718,48.86038961038962,265.2539958304378,121.00324675324677,"license_Plate"
"0131_05638_b.jpg",177.02050034746352,103.95129870129871,248.52571230020848,170.8474025974026,"license_Plate"
"0132_04704_b.jpg",169.80437804030578,166.91233766233768,264.5979847116053,247.58116883116884,"license_Plate"
"0132_04142_b.jpg",215.72515635858235,137.39935064935065,278.7022237665045,194.78571428571428,"license_Plate"
"0132_04633_b.jpg",220.6452397498263,107.23051948051949,286.2463516330786,169.5357142857143,"license_Plate"
"0132_02227_b.jpg",199.3248783877693,98.70454545454547,263.9419735927728,158.0584415584416,"license_Plate"
"0132_04939_b.jpg",170.78839471855457,116.41233766233768,241.96560111188327,178.7175324675325,"license_Plate"
"0132_08092_b.jpg",164.22828353022933,152.15584415584416,252.46177901320362,227.25,"license_Plate"
"0133_01915_b.jpg",181.94058373870743,118.37987012987014,260.3339124391939,186.58766233766235,"license_Plate"
"0132_06084_b.jpg",198.66886726893676,197.737012987013,272.1421125781793,260.69805194805195,"license_Plate"
"0133_02013_b.jpg",193.42077831827658,64.27272727272728,285.590340514246,142.6461038961039,"license_Plate"
"0132_05835_b.jpg",228.51737317581654,91.16233766233766,317.0788742182071,171.1753246753247,"license_Plate"
"0133_02544_b.jpg",180.62856150104238,132.15259740259742,249.181723419041,198.72077922077926,"license_Plate"
"0133_02608_b.jpg",155.04412786657403,114.11688311688313,234.42147324530927,189.21103896103898,"license_Plate"
"0133_04876_b.jpg",155.04412786657403,99.03246753246754,231.79742876997918,167.24025974025975,"license_Plate"
"0133_04344_b.jpg",237.3735232800556,106.24675324675326,324.6230020847811,182.32467532467535,"license_Plate"
"0133_05630_b.jpg",214.74113968033356,96.08116883116884,293.4624739402363,178.71753246753246,"license_Plate"
"0134_00217_b.jpg",216.0531619179986,77.71753246753248,280.3422515635858,141.0064935064935,"license_Plate"
"0133_05979_b.jpg",179.31653926337736,105.5909090909091,269.190062543433,177.40584415584416,"license_Plate"
"0134_00408_b.jpg",117.65149409312022,103.95129870129871,198.01285615010426,172.81493506493507,"license_Plate"
"0134_00579_b.jpg",197.35684503127172,26.561688311688314,279.0302293259208,99.03246753246754,"license_Plate"
"0134_00660_b.jpg",132.73974982626825,177.0779220779221,203.91695621959695,236.43181818181822,"license_Plate"
"0134_01049_b.jpg",176.03648366921473,98.0487012987013,238.3575399583044,155.43506493506493,"license_Plate"
"0134_02562_b.jpg",217.69318971507994,151.5,295.1025017373176,219.7077922077922,"license_Plate"
"0134_05943_b.jpg",176.03648366921473,67.87987012987014,256.725851285615,133.13636363636365,"license_Plate"
"0134_05469_b.jpg",152.7480889506602,39.350649350649356,228.51737317581654,109.19805194805195,"license_Plate"
"0134_01670_b.jpg",188.1726893676164,124.61038961038962,274.1101459346769,202.3279220779221,"license_Plate"
"0134_07394_b.jpg",195.38881167477416,91.49025974025975,279.0302293259208,172.487012987013,"license_Plate"
"0135_00503_b.jpg",181.94058373870743,149.86038961038963,254.10180681028493,218.3961038961039,"license_Plate"
"0135_01754_b.jpg",157.34016678248784,131.82467532467533,241.637595552467,206.5909090909091,"license_Plate"
"0135_00957_b.jpg",190.7967338429465,115.75649350649351,268.8620569840167,187.89935064935065,"license_Plate"
"0135_03054_b.jpg",146.8439888811675,107.55844155844157,219.98922863099375,171.50324675324677,"license_Plate"
"0136_00205_b.jpg",180.30055594162613,96.08116883116884,242.29360667129953,151.5,"license_Plate"
"0136_00507_b.jpg",188.82870048644892,112.80519480519482,263.28596247394023,181.6688311688312,"license_Plate"
"0135_08228_b.jpg",225.89332870048645,98.0487012987013,302.6466296038916,167.5681818181818,"license_Plate"
"0136_01022_b.jpg",228.51737317581654,139.6948051948052,319.0469075747047,232.49675324675326,"license_Plate"
"0136_00659_b.jpg",190.7967338429465,100.67207792207793,270.502084781098,173.47077922077924,"license_Plate"
"0136_02545_b.jpg",254.75781792911746,117.39610389610391,350.2074357192495,203.63961038961043,"license_Plate"
"0136_02503_b.jpg",217.69318971507994,125.59415584415585,303.9586518415567,206.26298701298703,"license_Plate"
"0136_01678_b.jpg",149.1400277970813,73.45454545454547,249.18172341904102,150.18831168831173,"license_Plate"
"0136_05068_b.jpg",194.40479499652537,69.19155844155844,276.0781792911744,145.5974025974026,"license_Plate"
"0136_02540_b.jpg",191.12473940236276,106.24675324675326,264.92599027102153,172.487012987013,"license_Plate"
"0137_00194_b.jpg",178.98853370396108,71.81493506493507,266.56601806810284,151.17207792207793,"license_Plate"
"0136_07165_b.jpg",185.54864489228632,111.4935064935065,272.1421125781793,186.58766233766235,"license_Plate"
"0137_01848_b.jpg",173.74044475330092,71.15909090909092,257.0538568450313,149.86038961038963,"license_Plate"
"0136_06222_b.jpg",186.5326615705351,142.97402597402598,251.47776233495483,207.24675324675326,"license_Plate"
"0137_01124_b.jpg",274.7661570535094,133.7922077922078,349.87943015983325,211.1818181818182,"license_Plate"
"0137_02503_b.jpg",178.66052814454483,54.76298701298702,269.19006254343293,136.74350649350652,"license_Plate"
"0137_05575_b.jpg",190.7967338429465,154.45129870129873,270.502084781098,227.5779220779221,"license_Plate"
"0137_02601_b.jpg",195.38881167477416,41.31818181818182,271.4861014593468,115.75649350649351,"license_Plate"
"0137_06221_b.jpg",196.7008339124392,120.01948051948052,261.3179291174427,178.06168831168833,"license_Plate"
"0137_01947_b.jpg",161.9322446143155,39.350649350649356,249.18172341904102,115.42857142857144,"license_Plate"
"0137_06297_b.jpg",193.09277275886032,43.61363636363637,269.84607366226544,115.42857142857144,"license_Plate"
"0137_08135_b.jpg",133.0677553856845,137.07142857142858,217.0371785962474,208.5584415584416,"license_Plate"
"0137_06846_b.jpg",183.90861709520502,123.2987012987013,273.7821403752606,202.65584415584416,"license_Plate"
"0138_00331_b.jpg",184.56462821403753,177.0779220779221,269.19006254343293,247.25324675324677,"license_Plate"
"0138_00196_b.jpg",198.99687282835302,128.54545454545456,290.8384294649062,209.54220779220782,"license_Plate"
"0138_01676_b.jpg",152.09207783182765,154.45129870129873,244.58964558721334,235.44805194805198,"license_Plate"
"0138_04418_b.jpg",259.6779013203614,161.33766233766235,329.87109103544134,229.54545454545456,"license_Plate"
"0138_04577_b.jpg",158.98019457956914,145.26948051948054,249.50972897845725,217.74025974025977,"license_Plate"
"0138_04710_b.jpg",178.98853370396108,97.06493506493507,273.12612925642804,180.3571428571429,"license_Plate"
"0138_05001_b.jpg",172.75642807505213,113.46103896103897,260.3339124391939,191.5064935064935,"license_Plate"
"0139_02551_b.jpg",152.7480889506602,75.42207792207793,217.36518415566366,129.20129870129873,"license_Plate"
"0139_01915_b.jpg",184.56462821403753,57.38636363636364,258.03787352328004,124.28246753246754,"license_Plate"
"0139_00214_b.jpg",218.6772063933287,105.5909090909091,284.9343293954135,169.53571428571428,"license_Plate"
"0138_05250_b.jpg",249.83773453787353,78.04545454545455,326.5910354412787,150.1883116883117,"license_Plate"
"0139_04415_b.jpg",199.3248783877693,141.99025974025975,277.3902015288395,205.2792207792208,"license_Plate"
"0139_07138_b.jpg",188.82870048644892,128.54545454545456,273.12612925642804,209.54220779220782,"license_Plate"
"0139_06709_b.jpg",184.89263377345378,120.67532467532469,243.2776233495483,173.7987012987013,"license_Plate"
"0139_05267_b.jpg",178.66052814454483,137.72727272727275,250.82175121612232,200.68831168831173,"license_Plate"
"0139_05725_b.jpg",192.10875608061156,140.35064935064935,275.7501737317582,213.80519480519482,"license_Plate"
"0139_06601_b.jpg",184.23662265462127,121.33116883116884,266.56601806810284,197.40909090909093,"license_Plate"
"0140_00057_b.jpg",167.18033356497568,126.90584415584416,247.54169562195972,194.45779220779224,"license_Plate"
"0139_07352_b.jpg",259.6779013203614,130.8409090909091,332.16712995135515,204.62337662337663,"license_Plate"
"0139_09523_b.jpg",151.1080611535789,127.23376623376625,245.24565670604588,203.9675324675325,"license_Plate"
"0139_07305_b.jpg",254.75781792911746,94.44155844155844,343.319318971508,175.4383116883117,"license_Plate"
"0139_08121_b.jpg",165.21230020847813,42.30194805194805,248.85371785962477,113.46103896103898,"license_Plate"
"0140_02608_b.jpg",210.47706740792216,130.8409090909091,295.7585128561501,217.41233766233768,"license_Plate"
"0140_02549_b.jpg",198.99687282835302,187.89935064935065,284.278318276581,264.3051948051948,"license_Plate"
"0140_02522_b.jpg",161.9322446143155,115.75649350649351,247.5416956219597,186.58766233766235,"license_Plate"
"0140_02257_b.jpg",163.24426685198054,125.26623376623378,254.10180681028493,197.40909090909093,"license_Plate"
"0140_00065_b.jpg",159.3082001389854,127.8896103896104,223.5972897845726,184.6201298701299,"license_Plate"
"0140_04869_b.jpg",178.98853370396108,112.14935064935065,261.31792911744265,191.5064935064935,"license_Plate"
"0140_07349_b.jpg",250.82175121612232,89.52272727272728,323.63898540653236,156.09090909090912,"license_Plate"
"0141_00373_b.jpg",196.7008339124392,91.16233766233766,278.046212647672,165.60064935064935,"license_Plate"
"0141_00718_b.jpg",137.98783877692844,64.60064935064936,219.33321751216124,145.26948051948054,"license_Plate"
"0140_06114_b.jpg",156.68415566365533,56.73051948051948,237.04551772063934,132.15259740259742,"license_Plate"
"0141_05722_b.jpg",214.74113968033356,66.56818181818183,296.4145239749826,140.67857142857144,"license_Plate"
"0141_04768_b.jpg",227.86136205698404,28.201298701298704,307.2387074357193,97.72077922077924,"license_Plate"
"0141_04084_b.jpg",203.91695621959695,12.78896103896104,287.5583738707436,86.89935064935065,"license_Plate"
"0141_05568_b.jpg",206.21299513551077,101.65584415584416,287.8863794301598,174.78246753246754,"license_Plate"
"0141_02242_b.jpg",203.91695621959695,150.1883116883117,263.6139680333565,203.31168831168833,"license_Plate"
"0142_01919_b.jpg",179.97255038220987,116.0844155844156,262.6299513551077,187.24350649350652,"license_Plate"
"0142_00253_b.jpg",170.78839471855457,150.1883116883117,265.5820013898541,223.31493506493507,"license_Plate"
"0142_00769_b.jpg",178.33252258512857,106.57467532467534,263.6139680333565,184.29220779220782,"license_Plate"
"0142_01632_b.jpg",144.54794996525365,142.31818181818184,237.04551772063934,219.70779220779224,"license_Plate"
"0142_02093_b.jpg",191.12473940236276,38.36688311688312,279.0302293259208,112.80519480519482,"license_Plate"
"0142_02613_b.jpg",211.1330785267547,80.01298701298703,279.0302293259208,138.05519480519482,"license_Plate"
"0142_06535_b.jpg",199.9808895066018,65.25649350649351,271.48610145934674,129.5292207792208,"license_Plate"
"0143_01861_b.jpg",193.74878387769286,97.39285714285715,254.75781792911746,156.74675324675326,"license_Plate"
"0143_01360_b.jpg",154.71612230715775,131.82467532467533,243.93363446838083,204.62337662337663,"license_Plate"
"0143_02079_b.jpg",174.06845031271718,133.7922077922078,261.9739402362752,218.72402597402598,"license_Plate"
"0143_04342_b.jpg",177.34850590687978,141.3344155844156,244.91765114662962,201.67207792207796,"license_Plate"
"0143_02523_b.jpg",132.411744266852,70.17532467532467,209.4930507296734,138.71103896103898,"license_Plate"
"0143_02624_b.jpg",163.90027797081308,133.46428571428572,255.41382904795,217.08441558441558,"license_Plate"
"0143_02510_b.jpg",167.50833912439194,152.48376623376623,233.76546212647673,208.2305194805195,"license_Plate"
"0143_04789_b.jpg",189.15670604586518,96.08116883116884,259.02189020152883,149.86038961038963,"license_Plate"
"0143_05783_b.jpg",165.86831132731064,138.05519480519482,256.39784572619874,213.47727272727275,"license_Plate"
"0143_04794_b.jpg",227.86136205698404,159.04220779220782,301.0066018068103,221.6753246753247,"license_Plate"
"0143_05732_b.jpg",203.91695621959695,30.824675324675326,278.3742182070883,101,"license_Plate"
"0143_06806_b.jpg",218.6772063933287,114.11688311688313,309.8627519110494,195.11363636363637,"license_Plate"
"0143_05857_b.jpg",199.3248783877693,181.6688311688312,276.734190410007,250.53246753246756,"license_Plate"
"0143_08257_b.jpg",192.4367616400278,96.73701298701299,253.44579569145242,155.10714285714286,"license_Plate"
"0144_00471_b.jpg",146.51598332175124,86.2435064935065,229.17338429464908,159.3701298701299,"license_Plate"
"0143_08168_b.jpg",174.06845031271718,178.7175324675325,258.6938846421126,253.1558441558442,"license_Plate"
"0143_07365_b.jpg",216.0531619179986,169.2077922077922,300.0225851285615,244.9577922077922,"license_Plate"
"0144_00053_b.jpg",125.85163307852676,169.86363636363637,194.73280055594165,223.31493506493507,"license_Plate"
"0144_01003_b.jpg",206.54100069492705,157.7305194805195,286.2463516330786,239.71103896103898,"license_Plate"
"0144_02007_b.jpg",110.43537178596247,135.10389610389612,196.37282835302295,205.93506493506496,"license_Plate"
"0144_02519_b.jpg",285.9183460736623,168.87987012987014,382.3519805420431,263.64935064935065,"license_Plate"
"0144_02600_b.jpg",242.29360667129953,184.94805194805195,314.7828353022933,255.7792207792208,"license_Plate"
"0144_02609_b.jpg",189.48471160528146,181.6688311688312,276.734190410007,252.50000000000003,"license_Plate"
"0145_00462_b.jpg",167.8363446838082,98.0487012987013,249.50972897845725,165.60064935064935,"license_Plate"
"0144_08012_b.jpg",185.54864489228632,101.00000000000001,263.6139680333565,173.7987012987013,"license_Plate"
"0144_04987_b.jpg",156.0281445448228,73.12662337662339,244.58964558721334,153.46753246753246,"license_Plate"
"0144_02616_b.jpg",171.77241139680334,107.88636363636364,249.50972897845725,182.9805194805195,"license_Plate"
"0145_00573_b.jpg",177.02050034746352,95.75324675324676,259.3498957609451,165.92857142857144,"license_Plate"
"0145_02546_b.jpg",168.16435024322448,68.86363636363637,247.54169562195972,142.6461038961039,"license_Plate"
"0145_04181_b.jpg",169.14836692147324,59.68181818181819,259.67790132036134,137.72727272727275,"license_Plate"
"0145_02531_b.jpg",157.34016678248784,83.2922077922078,230.81341209173036,151.17207792207796,"license_Plate"
"0145_04083_b.jpg",149.79603891591384,101.00000000000001,233.10945100764422,176.75,"license_Plate"
"0145_04373_b.jpg",130.11570535093816,135.75974025974028,216.05316191799864,203.63961038961043,"license_Plate"
"0145_05660_b.jpg",152.42008339124394,114.11688311688313,238.02953439888813,191.50649350649354,"license_Plate"
"0146_01640_b.jpg",219.33321751216124,91.16233766233766,290.1824183460737,158.38636363636363,"license_Plate"
"0146_00588_b.jpg",163.90027797081308,123.2987012987013,253.77380125086867,204.9512987012987,"license_Plate"
"0146_01335_b.jpg",181.94058373870743,184.29220779220782,267.5500347463516,257.4188311688312,"license_Plate"
"0146_02557_b.jpg",247.86970118137597,106.57467532467534,330.8551077136901,181.01298701298703,"license_Plate"
"0146_04190_b.jpg",234.093467685893,50.82792207792208,298.7105628908965,121.00324675324676,"license_Plate"
"0146_05460_b.jpg",188.1726893676164,69.8474025974026,268.8620569840167,141.33441558441558,"license_Plate"
"0146_06245_b.jpg",142.90792216817235,104.60714285714286,227.2053509381515,178.3896103896104,"license_Plate"
"0147_00127_b.jpg",162.58825573314803,133.13636363636365,256.39784572619874,214.78896103896108,"license_Plate"
"0146_06747_b.jpg",169.47637248088952,42.95779220779221,248.5257123002085,118.05194805194806,"license_Plate"
"0147_02217_b.jpg",220.31723419041,85.91558441558442,291.1664350243225,151.17207792207793,"license_Plate"
"0147_00208_b.jpg",174.39645587213343,160.02597402597405,260.9899235580264,238.39935064935068,"license_Plate"
"0147_00438_b.jpg",141.92390548992356,155.76298701298703,226.87734537873524,241.0227272727273,"license_Plate"
"0147_02536_b.jpg",151.1080611535789,84.27597402597404,237.70152883947188,156.09090909090912,"license_Plate"
"0147_02236_b.jpg",252.13377345378737,148.8766233766234,335.77519110493404,218.06818181818184,"license_Plate"
"0147_04452_b.jpg",224.25330090340515,96.40909090909092,306.2546907574705,176.75,"license_Plate"
"0147_02600_b.jpg",203.91695621959695,205.2792207792208,285.9183460736623,277.42207792207796,"license_Plate"
"0147_04388_b.jpg",247.86970118137597,62.30519480519481,327.24704656011124,141.99025974025975,"license_Plate"
"0147_05075_b.jpg",194.0767894371091,105.91883116883118,269.5180681028492,171.1753246753247,"license_Plate"
"0147_02594_b.jpg",197.68485059068797,0,283.9503127171647,66.56818181818183,"license_Plate"
"0147_08012_b.jpg",207.5250173731758,95.0974025974026,296.0865184155664,179.04545454545456,"license_Plate"
"0147_06954_b.jpg",181.61257817929118,162.64935064935065,262.30194579569144,233.4805194805195,"license_Plate"
"0147_06572_b.jpg",187.18867268936762,50.82792207792208,266.8940236275191,123.2987012987013,"license_Plate"
"0147_06999_b.jpg",202.6049339819319,64.92857142857143,278.046212647672,138.05519480519482,"license_Plate"
"0147_05135_b.jpg",178.00451702571232,120.67532467532469,249.18172341904102,183.63636363636365,"license_Plate"
"0148_02583_b.jpg",162.58825573314803,219.05194805194807,247.54169562195972,290.5389610389611,"license_Plate"
"0148_04580_b.jpg",142.5799166087561,63.9448051948052,215.3971507991661,134.77597402597405,"license_Plate"
"0148_00001_b.jpg",184.56462821403753,91.81818181818183,259.02189020152883,164.61688311688312,"license_Plate"
"0148_00310_b.jpg",184.89263377345378,71.15909090909092,264.269979152189,135.4318181818182,"license_Plate"
"0148_02602_b.jpg",191.45274496177902,129.20129870129873,269.84607366226544,203.31168831168833,"license_Plate"
"0148_07249_b.jpg",185.87665045170257,66.8961038961039,271.1580958999305,145.2694805194805,"license_Plate"
"0148_08252_b.jpg",172.42842251563587,151.17207792207793,254.75781792911746,227.9058441558442,"license_Plate"
"0149_00951_b.jpg",151.1080611535789,114.11688311688313,230.48540653231413,185.9318181818182,"license_Plate"
"0149_04489_b.jpg",201.62091730368311,70.83116883116884,273.7821403752606,140.67857142857144,"license_Plate"
"0149_04597_b.jpg",267.5500347463516,119.69155844155846,350.53544127866576,202.3279220779221,"license_Plate"
"0149_05849_b.jpg",165.21230020847813,67.22402597402598,243.27762334954832,139.6948051948052,"license_Plate"
"0149_05370_b.jpg",166.52432244614317,162.32142857142858,247.54169562195972,234.79220779220782,"license_Plate"
"0149_04664_b.jpg",123.55559416261293,121.987012987013,216.05316191799864,198.72077922077926,"license_Plate"
"0149_04677_b.jpg",205.228978457262,65.5844155844156,272.7981236970118,119.0357142857143,"license_Plate"
"0149_06285_b.jpg",191.78075052119527,122.97077922077924,277.0621959694232,200.36038961038963,"license_Plate"
"0149_06587_b.jpg",175.38047255038222,113.1331168831169,267.5500347463517,191.8344155844156,"license_Plate"
"0149_06389_b.jpg",189.48471160528146,152.48376623376623,266.56601806810284,217.08441558441558,"license_Plate"
"0150_00460_b.jpg",142.90792216817235,88.53896103896105,230.81341209173038,161.33766233766235,"license_Plate"
"0149_08181_b.jpg",178.00451702571232,109.19805194805195,254.4298123697012,178.71753246753246,"license_Plate"
"0150_00416_b.jpg",210.47706740792216,95.0974025974026,304.6146629603892,173.14285714285717,"license_Plate"
"0150_01640_b.jpg",194.0767894371091,142.31818181818184,277.7182070882558,218.06818181818184,"license_Plate"
"0150_01377_b.jpg",131.75573314801946,81.65259740259741,222.28526754690756,157.07467532467535,"license_Plate"
"0150_02256_b.jpg",192.4367616400278,175.76623376623377,264.5979847116053,236.75974025974028,"license_Plate"
"0150_01360_b.jpg",168.16435024322448,108.87012987012987,237.37352328005562,166.91233766233768,"license_Plate"
"0150_01054_b.jpg",146.51598332175124,64.92857142857143,232.78144544822794,140.02272727272728,"license_Plate"
"0150_04096_b.jpg",197.35684503127172,147.237012987013,290.8384294649062,224.2987012987013,"license_Plate"